n,  x,     Htilde,  
350,    0.00000e+00,    NaN 
350,    8.56753e-08,    5.76399e-01 
350,    6.85443e-07,    5.76400e-01 
350,    2.31359e-06,    5.76402e-01 
350,    5.48482e-06,    5.76405e-01 
350,    1.07144e-05,    5.76409e-01 
350,    1.85185e-05,    5.76416e-01 
350,    2.94141e-05,    5.76425e-01 
350,    4.39195e-05,    5.76437e-01 
350,    6.25545e-05,    5.76452e-01 
350,    8.58404e-05,    5.76471e-01 
350,    1.14300e-04,    5.76494e-01 
350,    1.48459e-04,    5.76521e-01 
350,    1.88845e-04,    5.76554e-01 
350,    2.35987e-04,    5.76592e-01 
350,    2.90417e-04,    5.76636e-01 
350,    3.52672e-04,    5.76687e-01 
350,    4.23289e-04,    5.76744e-01 
350,    5.02810e-04,    5.76808e-01 
350,    5.91780e-04,    5.76881e-01 
350,    6.90748e-04,    5.76961e-01 
350,    8.00267e-04,    5.77050e-01 
350,    9.20894e-04,    5.77149e-01 
350,    1.05319e-03,    5.77257e-01 
350,    1.19772e-03,    5.77375e-01 
350,    1.35506e-03,    5.77503e-01 
350,    1.52578e-03,    5.77643e-01 
350,    1.71046e-03,    5.77794e-01 
350,    1.90969e-03,    5.77958e-01 
350,    2.12406e-03,    5.78134e-01 
350,    2.35417e-03,    5.78323e-01 
350,    2.60063e-03,    5.78526e-01 
350,    2.86405e-03,    5.78743e-01 
350,    3.14504e-03,    5.78975e-01 
350,    3.44423e-03,    5.79223e-01 
350,    3.76226e-03,    5.79486e-01 
350,    4.09976e-03,    5.79766e-01 
350,    4.45738e-03,    5.80062e-01 
350,    4.83578e-03,    5.80377e-01 
350,    5.23562e-03,    5.80710e-01 
350,    5.65758e-03,    5.81061e-01 
350,    6.10233e-03,    5.81432e-01 
350,    6.57058e-03,    5.81823e-01 
350,    7.06303e-03,    5.82235e-01 
350,    7.58037e-03,    5.82669e-01 
350,    8.12335e-03,    5.83124e-01 
350,    8.69268e-03,    5.83602e-01 
350,    9.28911e-03,    5.84104e-01 
350,    9.91341e-03,    5.84630e-01 
350,    1.05663e-02,    5.85181e-01 
350,    1.12486e-02,    5.85757e-01 
350,    1.19612e-02,    5.86359e-01 
350,    1.27047e-02,    5.86989e-01 
350,    1.34800e-02,    5.87646e-01 
350,    1.42880e-02,    5.88333e-01 
350,    1.51294e-02,    5.89048e-01 
350,    1.60053e-02,    5.89794e-01 
350,    1.69163e-02,    5.90571e-01 
350,    1.78634e-02,    5.91380e-01 
350,    1.88476e-02,    5.92222e-01 
350,    1.98697e-02,    5.93097e-01 
350,    2.09307e-02,    5.94008e-01 
350,    2.20315e-02,    5.94954e-01 
350,    2.31731e-02,    5.95936e-01 
350,    2.43565e-02,    5.96957e-01 
350,    2.55827e-02,    5.98016e-01 
350,    2.68527e-02,    5.99115e-01 
350,    2.81676e-02,    6.00255e-01 
350,    2.95285e-02,    6.01437e-01 
350,    3.09363e-02,    6.02662e-01 
350,    3.23923e-02,    6.03931e-01 
350,    3.38976e-02,    6.05247e-01 
350,    3.54533e-02,    6.06609e-01 
350,    3.70606e-02,    6.08019e-01 
350,    3.87208e-02,    6.09479e-01 
350,    4.04349e-02,    6.10989e-01 
350,    4.22043e-02,    6.12553e-01 
350,    4.40303e-02,    6.14169e-01 
350,    4.59141e-02,    6.15842e-01 
350,    4.78572e-02,    6.17571e-01 
350,    4.98608e-02,    6.19359e-01 
350,    5.19263e-02,    6.21206e-01 
350,    5.40551e-02,    6.23116e-01 
350,    5.62488e-02,    6.25089e-01 
350,    5.85088e-02,    6.27128e-01 
350,    6.08365e-02,    6.29234e-01 
350,    6.32336e-02,    6.31410e-01 
350,    6.57016e-02,    6.33656e-01 
350,    6.82422e-02,    6.35976e-01 
350,    7.08569e-02,    6.38371e-01 
350,    7.35475e-02,    6.40844e-01 
350,    7.63157e-02,    6.43397e-01 
350,    7.91632e-02,    6.46032e-01 
350,    8.20920e-02,    6.48751e-01 
350,    8.51037e-02,    6.51558e-01 
350,    8.82003e-02,    6.54454e-01 
350,    9.13838e-02,    6.57443e-01 
350,    9.46561e-02,    6.60526e-01 
350,    9.80193e-02,    6.63708e-01 
350,    1.01475e-01,    6.66991e-01 
350,    1.05026e-01,    6.70377e-01 
350,    1.08675e-01,    6.73871e-01 
350,    1.12422e-01,    6.77475e-01 
350,    1.16272e-01,    6.81192e-01 
350,    1.20225e-01,    6.85027e-01 
350,    1.24285e-01,    6.88983e-01 
350,    1.28454e-01,    6.93063e-01 
350,    1.32734e-01,    6.97271e-01 
350,    1.37129e-01,    7.01612e-01 
350,    1.41639e-01,    7.06090e-01 
350,    1.46270e-01,    7.10708e-01 
350,    1.51022e-01,    7.15472e-01 
350,    1.55899e-01,    7.20386e-01 
350,    1.60904e-01,    7.25454e-01 
350,    1.66040e-01,    7.30682e-01 
350,    1.71309e-01,    7.36075e-01 
350,    1.76716e-01,    7.41639e-01 
350,    1.82263e-01,    7.47378e-01 
350,    1.87953e-01,    7.53298e-01 
350,    1.93791e-01,    7.59406e-01 
350,    1.99779e-01,    7.65708e-01 
350,    2.05920e-01,    7.72209e-01 
350,    2.12220e-01,    7.78918e-01 
350,    2.18681e-01,    7.85840e-01 
350,    2.25307e-01,    7.92984e-01 
350,    2.32102e-01,    8.00356e-01 
350,    2.39071e-01,    8.07964e-01 
350,    2.46217e-01,    8.15817e-01 
350,    2.53545e-01,    8.23922e-01 
350,    2.61059e-01,    8.32290e-01 
350,    2.68764e-01,    8.40928e-01 
350,    2.76664e-01,    8.49847e-01 
350,    2.84764e-01,    8.59056e-01 
350,    2.93070e-01,    8.68566e-01 
350,    3.01585e-01,    8.78388e-01 
350,    3.10316e-01,    8.88534e-01 
350,    3.19268e-01,    8.99014e-01 
350,    3.28445e-01,    9.09842e-01 
350,    3.37855e-01,    9.21031e-01 
350,    3.47502e-01,    9.32595e-01 
350,    3.57393e-01,    9.44549e-01 
350,    3.67534e-01,    9.56909e-01 
350,    3.77930e-01,    9.69693e-01 
350,    3.88590e-01,    9.82919e-01 
350,    3.99518e-01,    9.96610e-01 
350,    4.10723e-01,    1.01079e+00 
350,    4.22211e-01,    1.02551e+00 
350,    4.33990e-01,    1.04082e+00 
350,    4.46067e-01,    1.05673e+00 
350,    4.58449e-01,    1.07623e+00 
350,    4.71146e-01,    1.08921e+00 
350,    4.84165e-01,    1.10588e+00 
350,    4.97514e-01,    1.12320e+00 
350,    5.11203e-01,    1.14125e+00 
350,    5.25239e-01,    1.16000e+00 
350,    5.39634e-01,    1.17945e+00 
350,    5.54395e-01,    1.19962e+00 
350,    5.69534e-01,    1.22052e+00 
350,    5.85060e-01,    1.24218e+00 
350,    6.00983e-01,    1.26463e+00 
350,    6.17315e-01,    1.28790e+00 
350,    6.34067e-01,    1.31201e+00 
350,    6.51249e-01,    1.33699e+00 
350,    6.68875e-01,    1.36290e+00 
350,    6.86956e-01,    1.38974e+00 
350,    7.05505e-01,    1.41758e+00 
350,    7.24535e-01,    1.44644e+00 
350,    7.44059e-01,    1.47637e+00 
350,    7.64092e-01,    1.50740e+00 
350,    7.84648e-01,    1.53959e+00 
350,    8.05742e-01,    1.57298e+00 
350,    8.27388e-01,    1.60760e+00 
350,    8.49604e-01,    1.64351e+00 
350,    8.72405e-01,    1.68076e+00 
350,    8.95809e-01,    1.71843e+00 
350,    9.19832e-01,    1.75991e+00 
350,    9.44494e-01,    1.80193e+00 
350,    9.69812e-01,    1.84554e+00 
350,    9.95807e-01,    1.89082e+00 
350,    1.02250e+00,    1.93784e+00 
350,    1.04991e+00,    1.98669e+00 
350,    1.07805e+00,    2.03746e+00 
350,    1.10696e+00,    2.09025e+00 
350,    1.13665e+00,    2.14513e+00 
350,    1.16716e+00,    2.20222e+00 
350,    1.19849e+00,    2.26160e+00 
350,    1.23068e+00,    2.32339e+00 
350,    1.26376e+00,    2.38770e+00 
350,    1.29775e+00,    2.45465e+00 
350,    1.33268e+00,    2.52435e+00 
350,    1.36858e+00,    2.59695e+00 
350,    1.40549e+00,    2.67258e+00 
350,    1.44342e+00,    2.75138e+00 
350,    1.48243e+00,    2.83352e+00 
350,    1.52253e+00,    2.91914e+00 
350,    1.56377e+00,    3.00842e+00 
350,    1.60619e+00,    3.10154e+00 
350,    1.64982e+00,    3.19870e+00 
350,    1.69470e+00,    3.30009e+00 
350,    1.74087e+00,    3.40592e+00 
350,    1.78838e+00,    3.51642e+00 
350,    1.83728e+00,    3.63184e+00 
350,    1.88760e+00,    3.75241e+00 
350,    1.93940e+00,    3.87841e+00 
350,    1.99272e+00,    4.01012e+00 
350,    2.04763e+00,    4.14783e+00 
350,    2.10417e+00,    4.29188e+00 
350,    2.16240e+00,    4.44258e+00 
350,    2.22238e+00,    4.60030e+00 
350,    2.28418e+00,    4.76542e+00 
350,    2.34785e+00,    4.93833e+00 
350,    2.41347e+00,    5.11946e+00 
350,    2.48109e+00,    5.30927e+00 
350,    2.55081e+00,    5.50824e+00 
350,    2.62269e+00,    5.71687e+00 
350,    2.69681e+00,    5.93571e+00 
350,    2.77325e+00,    6.16534e+00 
350,    2.85211e+00,    6.40637e+00 
350,    2.93346e+00,    6.65946e+00 
350,    3.01741e+00,    6.92531e+00 
350,    3.10406e+00,    7.20465e+00 
350,    3.19350e+00,    7.49829e+00 
350,    3.28585e+00,    7.80707e+00 
350,    3.38121e+00,    8.13188e+00 
350,    3.47971e+00,    8.47371e+00 
350,    3.58146e+00,    8.83356e+00 
350,    3.68661e+00,    9.21255e+00 
350,    3.79527e+00,    9.61185e+00 
350,    3.90760e+00,    1.00327e+01 
350,    4.02374e+00,    1.04765e+01 
350,    4.14385e+00,    1.09447e+01 
350,    4.26809e+00,    1.14387e+01 
350,    4.39663e+00,    1.19603e+01 
350,    4.52965e+00,    1.25113e+01 
350,    4.66734e+00,    1.30935e+01 
350,    4.80990e+00,    1.37090e+01 
350,    4.95754e+00,    1.43600e+01 
350,    5.11047e+00,    1.50488e+01 
350,    5.26893e+00,    1.57781e+01 
350,    5.43315e+00,    1.65505e+01 
350,    5.60340e+00,    1.73690e+01 
350,    5.77994e+00,    1.82367e+01 
350,    5.96306e+00,    1.91572e+01 
350,    6.15304e+00,    2.01340e+01 
350,    6.35021e+00,    2.11713e+01 
350,    6.55490e+00,    2.22732e+01 
350,    6.76745e+00,    2.34445e+01 
350,    6.98824e+00,    2.46902e+01 
350,    7.21766e+00,    2.60158e+01 
350,    7.45612e+00,    2.74272e+01 
350,    7.70405e+00,    2.89307e+01 
350,    7.96192e+00,    3.05334e+01 
350,    8.23021e+00,    3.22429e+01 
350,    8.50944e+00,    3.40672e+01 
350,    8.80016e+00,    3.60154e+01 
350,    9.10295e+00,    3.80971e+01 
350,    9.41842e+00,    4.03230e+01 
350,    9.74724e+00,    4.27045e+01 
350,    1.00901e+01,    4.52543e+01 
350,    1.04477e+01,    4.79861e+01 
350,    1.08209e+01,    5.09149e+01 
350,    1.12105e+01,    5.40571e+01 
350,    1.16173e+01,    5.74307e+01 
350,    1.20424e+01,    6.10554e+01 
350,    1.24868e+01,    6.49528e+01 
350,    1.29514e+01,    6.91466e+01 
350,    1.34375e+01,    7.36630e+01 
350,    1.39463e+01,    7.85306e+01 
350,    1.44792e+01,    8.37810e+01 
350,    1.50374e+01,    8.94490e+01 
350,    1.56226e+01,    9.55730e+01 
350,    1.62363e+01,    1.02196e+02 
350,    1.68802e+01,    1.09364e+02 
350,    1.75563e+01,    1.17129e+02 
350,    1.82665e+01,    1.25550e+02 
350,    1.90130e+01,    1.34690e+02 
350,    1.97980e+01,    1.44621e+02 
350,    2.06240e+01,    1.55421e+02 
350,    2.14938e+01,    1.67178e+02 
350,    2.24102e+01,    1.79992e+02 
350,    2.33764e+01,    1.93973e+02 
350,    2.43956e+01,    2.09242e+02 
350,    2.54716e+01,    2.25939e+02 
350,    2.66083e+01,    2.44218e+02 
350,    2.78100e+01,    2.64253e+02 
350,    2.90813e+01,    2.86240e+02 
350,    3.04273e+01,    3.10399e+02 
350,    3.18536e+01,    3.36981e+02 
350,    3.33660e+01,    3.66266e+02 
350,    3.49712e+01,    3.98575e+02 
350,    3.66763e+01,    4.34271e+02 
350,    3.84891e+01,    4.73766e+02 
350,    4.04181e+01,    5.17531e+02 
350,    4.24728e+01,    5.66103e+02 
350,    4.46633e+01,    6.20096e+02 
350,    4.70012e+01,    6.80216e+02 
350,    4.94987e+01,    7.47272e+02 
350,    5.21698e+01,    8.22197e+02 
350,    5.50295e+01,    9.06068e+02 
350,    5.80948e+01,    1.00013e+03 
350,    6.13307e+01,    1.10407e+03 
350,    6.47470e+01,    1.21893e+03 
350,    6.83535e+01,    1.34588e+03 
350,    7.21609e+01,    1.48617e+03 
350,    7.61804e+01,    1.64124e+03 
350,    8.04238e+01,    1.81263e+03 
350,    8.49036e+01,    2.00207e+03 
350,    8.96329e+01,    2.21148e+03 
350,    9.46256e+01,    2.44296e+03 
350,    9.98964e+01,    2.69886e+03 
350,    1.05461e+02,    2.98175e+03 
350,    1.11335e+02,    3.29449e+03 
350,    1.17537e+02,    3.64025e+03 
350,    1.24084e+02,    4.02251e+03 
350,    1.30995e+02,    4.44515e+03 
350,    1.38292e+02,    4.91244e+03 
350,    1.45995e+02,    5.42911e+03 
350,    1.54128e+02,    6.00040e+03 
350,    1.62713e+02,    6.63208e+03 
350,    1.71776e+02,    7.33056e+03 
350,    1.81344e+02,    8.10291e+03 
350,    1.91446e+02,    8.95697e+03 
350,    2.02109e+02,    9.90139e+03 
350,    2.13367e+02,    1.09458e+04 
350,    2.25252e+02,    1.21007e+04 
350,    2.37799e+02,    1.33778e+04 
350,    2.51045e+02,    1.47902e+04 
350,    2.65029e+02,    1.63521e+04 
350,    2.79791e+02,    1.80795e+04 
350,    2.95376e+02,    1.99897e+04 
350,    3.11829e+02,    2.21024e+04 
350,    3.29199e+02,    2.44388e+04 
350,    3.47536e+02,    2.70228e+04 
350,    3.66894e+02,    2.98806e+04 
350,    3.87331e+02,    3.30413e+04 
350,    4.08906e+02,    3.65369e+04 
350,    4.31683e+02,    4.04030e+04 
350,    4.55728e+02,    4.46790e+04 
350,    4.81113e+02,    4.94082e+04 
350,    5.07912e+02,    5.46387e+04 
350,    5.36204e+02,    6.04239e+04 
350,    5.66072e+02,    6.68224e+04 
350,    5.97603e+02,    7.38994e+04 
350,    6.30890e+02,    8.17268e+04 
350,    6.66032e+02,    9.03844e+04 
350,    7.03131e+02,    9.99601e+04 
350,    7.42297e+02,    1.10551e+05 
350,    7.83644e+02,    1.22266e+05 
350,    8.27295e+02,    1.35223e+05 
350,    8.73377e+02,    1.49555e+05 
524,    0.00000e+00,    NaN 
524,    2.53003e-08,    5.76070e-01 
524,    2.02408e-07,    5.76016e-01 
524,    6.83155e-07,    5.75993e-01 
524,    1.61943e-06,    5.75978e-01 
524,    3.16319e-06,    5.75967e-01 
524,    5.46651e-06,    5.75959e-01 
524,    8.68159e-06,    5.75953e-01 
524,    1.29608e-05,    5.75950e-01 
524,    1.84566e-05,    5.75948e-01 
524,    2.53219e-05,    5.75948e-01 
524,    3.37096e-05,    5.75950e-01 
524,    4.37728e-05,    5.75953e-01 
524,    5.56653e-05,    5.75959e-01 
524,    6.95408e-05,    5.75966e-01 
524,    8.55536e-05,    5.75975e-01 
524,    1.03858e-04,    5.75987e-01 
524,    1.24609e-04,    5.76000e-01 
524,    1.47963e-04,    5.76016e-01 
524,    1.74074e-04,    5.76035e-01 
524,    2.03100e-04,    5.76056e-01 
524,    2.35197e-04,    5.76079e-01 
524,    2.70522e-04,    5.76105e-01 
524,    3.09234e-04,    5.76134e-01 
524,    3.51491e-04,    5.76167e-01 
524,    3.97452e-04,    5.76202e-01 
524,    4.47276e-04,    5.76240e-01 
524,    5.01125e-04,    5.76282e-01 
524,    5.59159e-04,    5.76327e-01 
524,    6.21540e-04,    5.76376e-01 
524,    6.88431e-04,    5.76429e-01 
524,    7.59995e-04,    5.76486e-01 
524,    8.36397e-04,    5.76547e-01 
524,    9.17801e-04,    5.76611e-01 
524,    1.00437e-03,    5.76681e-01 
524,    1.09628e-03,    5.76754e-01 
524,    1.19369e-03,    5.76833e-01 
524,    1.29678e-03,    5.76916e-01 
524,    1.40570e-03,    5.77004e-01 
524,    1.52064e-03,    5.77096e-01 
524,    1.64176e-03,    5.77195e-01 
524,    1.76924e-03,    5.77298e-01 
524,    1.90325e-03,    5.77407e-01 
524,    2.04397e-03,    5.77521e-01 
524,    2.19157e-03,    5.77642e-01 
524,    2.34623e-03,    5.77768e-01 
524,    2.50812e-03,    5.77900e-01 
524,    2.67744e-03,    5.78039e-01 
524,    2.85436e-03,    5.78184e-01 
524,    3.03907e-03,    5.78336e-01 
524,    3.23174e-03,    5.78494e-01 
524,    3.43257e-03,    5.78659e-01 
524,    3.64173e-03,    5.78832e-01 
524,    3.85943e-03,    5.79011e-01 
524,    4.08584e-03,    5.79198e-01 
524,    4.32117e-03,    5.79393e-01 
524,    4.56560e-03,    5.79595e-01 
524,    4.81933e-03,    5.79805e-01 
524,    5.08256e-03,    5.80024e-01 
524,    5.35548e-03,    5.80250e-01 
524,    5.63830e-03,    5.80486e-01 
524,    5.93121e-03,    5.80729e-01 
524,    6.23443e-03,    5.80982e-01 
524,    6.54815e-03,    5.81244e-01 
524,    6.87258e-03,    5.81514e-01 
524,    7.20794e-03,    5.81795e-01 
524,    7.55443e-03,    5.82084e-01 
524,    7.91227e-03,    5.82384e-01 
524,    8.28168e-03,    5.82694e-01 
524,    8.66286e-03,    5.83013e-01 
524,    9.05605e-03,    5.83344e-01 
524,    9.46146e-03,    5.83684e-01 
524,    9.87932e-03,    5.84036e-01 
524,    1.03099e-02,    5.84399e-01 
524,    1.07533e-02,    5.84772e-01 
524,    1.12099e-02,    5.85158e-01 
524,    1.16798e-02,    5.85555e-01 
524,    1.21634e-02,    5.85963e-01 
524,    1.26608e-02,    5.86384e-01 
524,    1.31722e-02,    5.86817e-01 
524,    1.36981e-02,    5.87263e-01 
524,    1.42385e-02,    5.87722e-01 
524,    1.47937e-02,    5.88193e-01 
524,    1.53640e-02,    5.88678e-01 
524,    1.59496e-02,    5.89177e-01 
524,    1.65509e-02,    5.89689e-01 
524,    1.71679e-02,    5.90215e-01 
524,    1.78012e-02,    5.90755e-01 
524,    1.84508e-02,    5.91310e-01 
524,    1.91170e-02,    5.91880e-01 
524,    1.98002e-02,    5.92465e-01 
524,    2.05006e-02,    5.93065e-01 
524,    2.12185e-02,    5.93681e-01 
524,    2.19542e-02,    5.94313e-01 
524,    2.27079e-02,    5.94961e-01 
524,    2.34800e-02,    5.95626e-01 
524,    2.42708e-02,    5.96307e-01 
524,    2.50804e-02,    5.97006e-01 
524,    2.59094e-02,    5.97722e-01 
524,    2.67579e-02,    5.98455e-01 
524,    2.76262e-02,    5.99207e-01 
524,    2.85148e-02,    5.99977e-01 
524,    2.94238e-02,    6.00766e-01 
524,    3.03536e-02,    6.01575e-01 
524,    3.13046e-02,    6.02402e-01 
524,    3.22771e-02,    6.03250e-01 
524,    3.32714e-02,    6.04117e-01 
524,    3.42878e-02,    6.05005e-01 
524,    3.53267e-02,    6.05914e-01 
524,    3.63885e-02,    6.06845e-01 
524,    3.74734e-02,    6.07797e-01 
524,    3.85819e-02,    6.08771e-01 
524,    3.97144e-02,    6.09767e-01 
524,    4.08711e-02,    6.10787e-01 
524,    4.20524e-02,    6.11830e-01 
524,    4.32588e-02,    6.12897e-01 
524,    4.44906e-02,    6.13988e-01 
524,    4.57482e-02,    6.15103e-01 
524,    4.70320e-02,    6.16244e-01 
524,    4.83424e-02,    6.17411e-01 
524,    4.96798e-02,    6.18603e-01 
524,    5.10446e-02,    6.19822e-01 
524,    5.24372e-02,    6.21068e-01 
524,    5.38581e-02,    6.22342e-01 
524,    5.53076e-02,    6.23644e-01 
524,    5.67863e-02,    6.24975e-01 
524,    5.82945e-02,    6.26334e-01 
524,    5.98328e-02,    6.27724e-01 
524,    6.14014e-02,    6.29143e-01 
524,    6.30010e-02,    6.30594e-01 
524,    6.46320e-02,    6.32076e-01 
524,    6.62948e-02,    6.33590e-01 
524,    6.79900e-02,    6.35137e-01 
524,    6.97179e-02,    6.36717e-01 
524,    7.14792e-02,    6.38331e-01 
524,    7.32744e-02,    6.39980e-01 
524,    7.51038e-02,    6.41664e-01 
524,    7.69681e-02,    6.43384e-01 
524,    7.88678e-02,    6.45141e-01 
524,    8.08034e-02,    6.46935e-01 
524,    8.27755e-02,    6.48767e-01 
524,    8.47845e-02,    6.50638e-01 
524,    8.68311e-02,    6.52548e-01 
524,    8.89158e-02,    6.54499e-01 
524,    9.10393e-02,    6.56491e-01 
524,    9.32020e-02,    6.58525e-01 
524,    9.54046e-02,    6.60602e-01 
524,    9.76478e-02,    6.62722e-01 
524,    9.99320e-02,    6.64888e-01 
524,    1.02258e-01,    6.67098e-01 
524,    1.04626e-01,    6.69355e-01 
524,    1.07037e-01,    6.71659e-01 
524,    1.09492e-01,    6.74011e-01 
524,    1.11992e-01,    6.76413e-01 
524,    1.14536e-01,    6.78865e-01 
524,    1.17126e-01,    6.81368e-01 
524,    1.19762e-01,    6.83923e-01 
524,    1.22446e-01,    6.86531e-01 
524,    1.25177e-01,    6.89194e-01 
524,    1.27956e-01,    6.91913e-01 
524,    1.30785e-01,    6.94688e-01 
524,    1.33664e-01,    6.97521e-01 
524,    1.36594e-01,    7.00413e-01 
524,    1.39575e-01,    7.03365e-01 
524,    1.42609e-01,    7.06378e-01 
524,    1.45696e-01,    7.09455e-01 
524,    1.48837e-01,    7.12596e-01 
524,    1.52032e-01,    7.15802e-01 
524,    1.55284e-01,    7.19075e-01 
524,    1.58592e-01,    7.22416e-01 
524,    1.61957e-01,    7.25827e-01 
524,    1.65380e-01,    7.29309e-01 
524,    1.68863e-01,    7.32863e-01 
524,    1.72406e-01,    7.36492e-01 
524,    1.76010e-01,    7.40197e-01 
524,    1.79676e-01,    7.43980e-01 
524,    1.83405e-01,    7.47841e-01 
524,    1.87197e-01,    7.51784e-01 
524,    1.91055e-01,    7.55809e-01 
524,    1.94979e-01,    7.59918e-01 
524,    1.98970e-01,    7.64114e-01 
524,    2.03028e-01,    7.68398e-01 
524,    2.07156e-01,    7.72772e-01 
524,    2.11355e-01,    7.77238e-01 
524,    2.15624e-01,    7.81799e-01 
524,    2.19966e-01,    7.86456e-01 
524,    2.24382e-01,    7.91211e-01 
524,    2.28872e-01,    7.96067e-01 
524,    2.33439e-01,    8.01026e-01 
524,    2.38082e-01,    8.06090e-01 
524,    2.42804e-01,    8.11261e-01 
524,    2.47606e-01,    8.16543e-01 
524,    2.52489e-01,    8.21937e-01 
524,    2.57454e-01,    8.27447e-01 
524,    2.62503e-01,    8.33074e-01 
524,    2.67636e-01,    8.38823e-01 
524,    2.72856e-01,    8.44694e-01 
524,    2.78164e-01,    8.50692e-01 
524,    2.83561e-01,    8.56819e-01 
524,    2.89048e-01,    8.63078e-01 
524,    2.94628e-01,    8.69472e-01 
524,    3.00301e-01,    8.76006e-01 
524,    3.06069e-01,    8.82681e-01 
524,    3.11934e-01,    8.89502e-01 
524,    3.17898e-01,    8.96471e-01 
524,    3.23961e-01,    9.03593e-01 
524,    3.30126e-01,    9.10871e-01 
524,    3.36394e-01,    9.18310e-01 
524,    3.42767e-01,    9.25913e-01 
524,    3.49247e-01,    9.33684e-01 
524,    3.55835e-01,    9.41627e-01 
524,    3.62534e-01,    9.49748e-01 
524,    3.69344e-01,    9.58051e-01 
524,    3.76269e-01,    9.66541e-01 
524,    3.83310e-01,    9.75222e-01 
524,    3.90469e-01,    9.84102e-01 
524,    3.97747e-01,    9.93185e-01 
524,    4.05148e-01,    1.00248e+00 
524,    4.12673e-01,    1.01199e+00 
524,    4.20324e-01,    1.02173e+00 
524,    4.28103e-01,    1.03171e+00 
524,    4.36013e-01,    1.04196e+00 
524,    4.44056e-01,    1.05250e+00 
524,    4.52233e-01,    1.06332e+00 
524,    4.60548e-01,    1.07643e+00 
524,    4.69003e-01,    1.08509e+00 
524,    4.77600e-01,    1.09606e+00 
524,    4.86342e-01,    1.10733e+00 
524,    4.95231e-01,    1.11895e+00 
524,    5.04270e-01,    1.13087e+00 
524,    5.13461e-01,    1.14309e+00 
524,    5.22807e-01,    1.15562e+00 
524,    5.32311e-01,    1.16846e+00 
524,    5.41976e-01,    1.18160e+00 
524,    5.51804e-01,    1.19506e+00 
524,    5.61799e-01,    1.20884e+00 
524,    5.71963e-01,    1.22295e+00 
524,    5.82299e-01,    1.23740e+00 
524,    5.92811e-01,    1.25219e+00 
524,    6.03502e-01,    1.26733e+00 
524,    6.14375e-01,    1.28284e+00 
524,    6.25432e-01,    1.29872e+00 
524,    6.36679e-01,    1.31498e+00 
524,    6.48117e-01,    1.33164e+00 
524,    6.59751e-01,    1.34869e+00 
524,    6.71584e-01,    1.36616e+00 
524,    6.83619e-01,    1.38404e+00 
524,    6.95861e-01,    1.40237e+00 
524,    7.08314e-01,    1.42113e+00 
524,    7.20980e-01,    1.44036e+00 
524,    7.33865e-01,    1.46005e+00 
524,    7.46972e-01,    1.48023e+00 
524,    7.60305e-01,    1.50090e+00 
524,    7.73869e-01,    1.52208e+00 
524,    7.87668e-01,    1.54378e+00 
524,    8.01706e-01,    1.56602e+00 
524,    8.15989e-01,    1.58880e+00 
524,    8.30520e-01,    1.61215e+00 
524,    8.45304e-01,    1.63607e+00 
524,    8.60347e-01,    1.66057e+00 
524,    8.75652e-01,    1.68567e+00 
524,    8.91226e-01,    1.71070e+00 
524,    9.07073e-01,    1.73800e+00 
524,    9.23199e-01,    1.76527e+00 
524,    9.39609e-01,    1.79322e+00 
524,    9.56309e-01,    1.82185e+00 
524,    9.73304e-01,    1.85121e+00 
524,    9.90600e-01,    1.88131e+00 
524,    1.00820e+00,    1.91218e+00 
524,    1.02612e+00,    1.94385e+00 
524,    1.04435e+00,    1.97634e+00 
524,    1.06292e+00,    2.00967e+00 
524,    1.08181e+00,    2.04388e+00 
524,    1.10104e+00,    2.07898e+00 
524,    1.12062e+00,    2.11500e+00 
524,    1.14055e+00,    2.15198e+00 
524,    1.16084e+00,    2.18994e+00 
524,    1.18150e+00,    2.22891e+00 
524,    1.20253e+00,    2.26892e+00 
524,    1.22394e+00,    2.31001e+00 
524,    1.24574e+00,    2.35220e+00 
524,    1.26795e+00,    2.39554e+00 
524,    1.29055e+00,    2.44005e+00 
524,    1.31358e+00,    2.48577e+00 
524,    1.33702e+00,    2.53275e+00 
524,    1.36090e+00,    2.58101e+00 
524,    1.38522e+00,    2.63061e+00 
524,    1.40999e+00,    2.68158e+00 
524,    1.43522e+00,    2.73396e+00 
524,    1.46092e+00,    2.78781e+00 
524,    1.48710e+00,    2.84316e+00 
524,    1.51377e+00,    2.90008e+00 
524,    1.54094e+00,    2.95859e+00 
524,    1.56863e+00,    3.01877e+00 
524,    1.59683e+00,    3.08066e+00 
524,    1.62557e+00,    3.14432e+00 
524,    1.65485e+00,    3.20981e+00 
524,    1.68469e+00,    3.27719e+00 
524,    1.71510e+00,    3.34651e+00 
524,    1.74610e+00,    3.41785e+00 
524,    1.77769e+00,    3.49128e+00 
524,    1.80988e+00,    3.56686e+00 
524,    1.84270e+00,    3.64466e+00 
524,    1.87615e+00,    3.72477e+00 
524,    1.91026e+00,    3.80725e+00 
524,    1.94502e+00,    3.89220e+00 
524,    1.98047e+00,    3.97969e+00 
524,    2.01662e+00,    4.06982e+00 
524,    2.05347e+00,    4.16267e+00 
524,    2.09105e+00,    4.25835e+00 
524,    2.12938e+00,    4.35694e+00 
524,    2.16846e+00,    4.45855e+00 
524,    2.20833e+00,    4.56330e+00 
524,    2.24899e+00,    4.67129e+00 
524,    2.29047e+00,    4.78263e+00 
524,    2.33279e+00,    4.89744e+00 
524,    2.37596e+00,    5.01586e+00 
524,    2.42000e+00,    5.13802e+00 
524,    2.46494e+00,    5.26404e+00 
524,    2.51080e+00,    5.39407e+00 
524,    2.55760e+00,    5.52825e+00 
524,    2.60536e+00,    5.66675e+00 
524,    2.65410e+00,    5.80971e+00 
524,    2.70386e+00,    5.95732e+00 
524,    2.75465e+00,    6.10973e+00 
524,    2.80650e+00,    6.26713e+00 
524,    2.85943e+00,    6.42971e+00 
524,    2.91348e+00,    6.59767e+00 
524,    2.96867e+00,    6.77121e+00 
524,    3.02502e+00,    6.95054e+00 
524,    3.08258e+00,    7.13589e+00 
524,    3.14136e+00,    7.32749e+00 
524,    3.20141e+00,    7.52559e+00 
524,    3.26274e+00,    7.73043e+00 
524,    3.32540e+00,    7.94229e+00 
524,    3.38942e+00,    8.16144e+00 
524,    3.45484e+00,    8.38817e+00 
524,    3.52168e+00,    8.62278e+00 
524,    3.59000e+00,    8.86559e+00 
524,    3.65982e+00,    9.11693e+00 
524,    3.73119e+00,    9.37714e+00 
524,    3.80414e+00,    9.64659e+00 
524,    3.87872e+00,    9.92565e+00 
524,    3.95498e+00,    1.02147e+01 
524,    4.03296e+00,    1.05142e+01 
524,    4.11270e+00,    1.08246e+01 
524,    4.19425e+00,    1.11462e+01 
524,    4.27767e+00,    1.14797e+01 
524,    4.36300e+00,    1.18254e+01 
524,    4.45029e+00,    1.21839e+01 
524,    4.53961e+00,    1.25558e+01 
524,    4.63100e+00,    1.29416e+01 
524,    4.72453e+00,    1.33419e+01 
524,    4.82025e+00,    1.37574e+01 
524,    4.91823e+00,    1.41887e+01 
524,    5.01854e+00,    1.46365e+01 
524,    5.12123e+00,    1.51016e+01 
524,    5.22638e+00,    1.55846e+01 
524,    5.33406e+00,    1.60865e+01 
524,    5.44434e+00,    1.66080e+01 
524,    5.55730e+00,    1.71500e+01 
524,    5.67301e+00,    1.77135e+01 
524,    5.79157e+00,    1.82995e+01 
524,    5.91304e+00,    1.89089e+01 
524,    6.03753e+00,    1.95429e+01 
524,    6.16512e+00,    2.02025e+01 
524,    6.29591e+00,    2.08891e+01 
524,    6.42998e+00,    2.16039e+01 
524,    6.56745e+00,    2.23481e+01 
524,    6.70842e+00,    2.31232e+01 
524,    6.85300e+00,    2.39307e+01 
524,    7.00129e+00,    2.47721e+01 
524,    7.15342e+00,    2.56491e+01 
524,    7.30950e+00,    2.65634e+01 
524,    7.46967e+00,    2.75168e+01 
524,    7.63405e+00,    2.85113e+01 
524,    7.80277e+00,    2.95488e+01 
524,    7.97599e+00,    3.06316e+01 
524,    8.15384e+00,    3.17620e+01 
524,    8.33647e+00,    3.29422e+01 
524,    8.52405e+00,    3.41749e+01 
524,    8.71673e+00,    3.54627e+01 
524,    8.91469e+00,    3.68085e+01 
524,    9.11811e+00,    3.82153e+01 
524,    9.32716e+00,    3.96862e+01 
524,    9.54204e+00,    4.12247e+01 
524,    9.76296e+00,    4.28342e+01 
524,    9.99011e+00,    4.45187e+01 
524,    1.02237e+01,    4.62821e+01 
524,    1.04640e+01,    4.81286e+01 
524,    1.07112e+01,    5.00628e+01 
524,    1.09656e+01,    5.20895e+01 
524,    1.12273e+01,    5.42137e+01 
524,    1.14968e+01,    5.64410e+01 
524,    1.17742e+01,    5.87769e+01 
524,    1.20599e+01,    6.12277e+01 
524,    1.23541e+01,    6.37998e+01 
524,    1.26571e+01,    6.65002e+01 
524,    1.29694e+01,    6.93362e+01 
524,    1.32912e+01,    7.23157e+01 
524,    1.36229e+01,    7.54471e+01 
524,    1.39649e+01,    7.87392e+01 
524,    1.43175e+01,    8.22015e+01 
524,    1.46813e+01,    8.58443e+01 
524,    1.50565e+01,    8.96784e+01 
524,    1.54437e+01,    9.37153e+01 
524,    1.58433e+01,    9.79674e+01 
524,    1.62559e+01,    1.02448e+02 
524,    1.66819e+01,    1.07171e+02 
524,    1.71218e+01,    1.12152e+02 
524,    1.75764e+01,    1.17407e+02 
524,    1.80461e+01,    1.22953e+02 
524,    1.85315e+01,    1.28809e+02 
524,    1.90334e+01,    1.34995e+02 
524,    1.95525e+01,    1.41532e+02 
524,    2.00893e+01,    1.48443e+02 
524,    2.06448e+01,    1.55754e+02 
524,    2.12197e+01,    1.63490e+02 
524,    2.18149e+01,    1.71681e+02 
524,    2.24312e+01,    1.80357e+02 
524,    2.30696e+01,    1.89551e+02 
524,    2.37310e+01,    1.99299e+02 
524,    2.44166e+01,    2.09639e+02 
524,    2.51273e+01,    2.20613e+02 
524,    2.58644e+01,    2.32267e+02 
524,    2.66291e+01,    2.44648e+02 
524,    2.74226e+01,    2.57809e+02 
524,    2.82463e+01,    2.71806e+02 
524,    2.91017e+01,    2.86702e+02 
524,    2.99902e+01,    3.02562e+02 
524,    3.09135e+01,    3.19460e+02 
524,    3.18732e+01,    3.37473e+02 
524,    3.28712e+01,    3.56686e+02 
524,    3.39093e+01,    3.77192e+02 
524,    3.49896e+01,    3.99092e+02 
524,    3.61143e+01,    4.22494e+02 
524,    3.72855e+01,    4.47519e+02 
524,    3.85057e+01,    4.74297e+02 
524,    3.97775e+01,    5.02969e+02 
524,    4.11036e+01,    5.33691e+02 
524,    4.24869e+01,    5.66632e+02 
524,    4.39305e+01,    6.01977e+02 
524,    4.54377e+01,    6.39931e+02 
524,    4.70119e+01,    6.80716e+02 
524,    4.86570e+01,    7.24577e+02 
524,    5.03769e+01,    7.71781e+02 
524,    5.21759e+01,    8.22626e+02 
524,    5.40586e+01,    8.77436e+02 
524,    5.60298e+01,    9.36569e+02 
524,    5.80948e+01,    1.00042e+03 
524,    6.02358e+01,    1.06868e+03 
524,    6.24558e+01,    1.14164e+03 
524,    6.47576e+01,    1.21964e+03 
524,    6.71442e+01,    1.30302e+03 
524,    6.96188e+01,    1.39216e+03 
524,    7.21846e+01,    1.48745e+03 
524,    7.48449e+01,    1.58933e+03 
524,    7.76033e+01,    1.69825e+03 
524,    8.04634e+01,    1.81470e+03 
524,    8.34288e+01,    1.93921e+03 
524,    8.65036e+01,    2.07232e+03 
524,    8.96917e+01,    2.21464e+03 
524,    9.29972e+01,    2.36682e+03 
524,    9.64246e+01,    2.52952e+03 
524,    9.99783e+01,    2.70349e+03 
524,    1.03663e+02,    2.88951e+03 
524,    1.07483e+02,    3.08841e+03 
524,    1.11445e+02,    3.30109e+03 
524,    1.15552e+02,    3.52851e+03 
524,    1.19811e+02,    3.77169e+03 
524,    1.24226e+02,    4.03173e+03 
524,    1.28805e+02,    4.30980e+03 
524,    1.33552e+02,    4.60715e+03 
524,    1.38474e+02,    4.92512e+03 
524,    1.43577e+02,    5.26515e+03 
524,    1.48869e+02,    5.62877e+03 
524,    1.54355e+02,    6.01762e+03 
524,    1.60044e+02,    6.43346e+03 
524,    1.65942e+02,    6.87816e+03 
524,    1.72058e+02,    7.35373e+03 
524,    1.78399e+02,    7.86232e+03 
524,    1.84974e+02,    8.40623e+03 
524,    1.91791e+02,    8.98791e+03 
524,    1.98860e+02,    9.60999e+03 
524,    2.06189e+02,    1.02753e+04 
524,    2.13788e+02,    1.09868e+04 
524,    2.21667e+02,    1.17477e+04 
524,    2.29836e+02,    1.25615e+04 
524,    2.38307e+02,    1.34319e+04 
524,    2.47090e+02,    1.43628e+04 
524,    2.56196e+02,    1.53583e+04 
524,    2.65638e+02,    1.64231e+04 
524,    2.75428e+02,    1.75618e+04 
524,    2.85579e+02,    1.87798e+04 
524,    2.96104e+02,    2.00824e+04 
524,    3.07017e+02,    2.14756e+04 
524,    3.18332e+02,    2.29657e+04 
524,    3.30064e+02,    2.45594e+04 
524,    3.42228e+02,    2.62640e+04 
524,    3.54841e+02,    2.80871e+04 
524,    3.67918e+02,    3.00371e+04 
524,    3.81478e+02,    3.21226e+04 
524,    3.95537e+02,    3.43533e+04 
524,    4.10115e+02,    3.67392e+04 
524,    4.25229e+02,    3.92910e+04 
524,    4.40901e+02,    4.20204e+04 
524,    4.57151e+02,    4.49397e+04 
524,    4.73999e+02,    4.80622e+04 
524,    4.91468e+02,    5.14020e+04 
524,    5.09581e+02,    5.49742e+04 
524,    5.28361e+02,    5.87950e+04 
524,    5.47834e+02,    6.28817e+04 
524,    5.68024e+02,    6.72529e+04 
524,    5.88959e+02,    7.19283e+04 
524,    6.10665e+02,    7.69292e+04 
524,    6.33170e+02,    8.22782e+04 
524,    6.56506e+02,    8.79996e+04 
524,    6.80701e+02,    9.41192e+04 
524,    7.05788e+02,    1.00665e+05 
524,    7.31800e+02,    1.07666e+05 
524,    7.58770e+02,    1.15155e+05 
524,    7.86735e+02,    1.23166e+05 
524,    8.15730e+02,    1.31734e+05 
524,    8.45793e+02,    1.40898e+05 
815,    0.00000e+00,    NaN 
815,    6.70550e-09,    5.75196e-01 
815,    5.36445e-08,    5.75259e-01 
815,    1.81054e-07,    5.75287e-01 
815,    4.29175e-07,    5.75306e-01 
815,    8.38259e-07,    5.75321e-01 
815,    1.44857e-06,    5.75333e-01 
815,    2.30038e-06,    5.75343e-01 
815,    3.43398e-06,    5.75352e-01 
815,    4.88970e-06,    5.75361e-01 
815,    6.70786e-06,    5.75369e-01 
815,    8.92883e-06,    5.75376e-01 
815,    1.15930e-05,    5.75384e-01 
815,    1.47408e-05,    5.75391e-01 
815,    1.84126e-05,    5.75399e-01 
815,    2.26491e-05,    5.75406e-01 
815,    2.74906e-05,    5.75414e-01 
815,    3.29779e-05,    5.75422e-01 
815,    3.91514e-05,    5.75431e-01 
815,    4.60519e-05,    5.75439e-01 
815,    5.37202e-05,    5.75449e-01 
815,    6.21969e-05,    5.75458e-01 
815,    7.15229e-05,    5.75469e-01 
815,    8.17392e-05,    5.75480e-01 
815,    9.28866e-05,    5.75491e-01 
815,    1.05006e-04,    5.75503e-01 
815,    1.18139e-04,    5.75516e-01 
815,    1.32327e-04,    5.75530e-01 
815,    1.47610e-04,    5.75545e-01 
815,    1.64030e-04,    5.75560e-01 
815,    1.81629e-04,    5.75576e-01 
815,    2.00447e-04,    5.75594e-01 
815,    2.20527e-04,    5.75612e-01 
815,    2.41910e-04,    5.75631e-01 
815,    2.64639e-04,    5.75651e-01 
815,    2.88754e-04,    5.75672e-01 
815,    3.14297e-04,    5.75695e-01 
815,    3.41312e-04,    5.75718e-01 
815,    3.69839e-04,    5.75743e-01 
815,    3.99922e-04,    5.75769e-01 
815,    4.31602e-04,    5.75796e-01 
815,    4.64923e-04,    5.75825e-01 
815,    4.99926e-04,    5.75855e-01 
815,    5.36654e-04,    5.75886e-01 
815,    5.75151e-04,    5.75919e-01 
815,    6.15460e-04,    5.75953e-01 
815,    6.57622e-04,    5.75988e-01 
815,    7.01683e-04,    5.76025e-01 
815,    7.47684e-04,    5.76064e-01 
815,    7.95670e-04,    5.76105e-01 
815,    8.45684e-04,    5.76147e-01 
815,    8.97771e-04,    5.76190e-01 
815,    9.51973e-04,    5.76236e-01 
815,    1.00834e-03,    5.76283e-01 
815,    1.06690e-03,    5.76332e-01 
815,    1.12772e-03,    5.76383e-01 
815,    1.19083e-03,    5.76435e-01 
815,    1.25628e-03,    5.76490e-01 
815,    1.32411e-03,    5.76546e-01 
815,    1.39437e-03,    5.76605e-01 
815,    1.46710e-03,    5.76666e-01 
815,    1.54235e-03,    5.76728e-01 
815,    1.62017e-03,    5.76793e-01 
815,    1.70059e-03,    5.76860e-01 
815,    1.78368e-03,    5.76929e-01 
815,    1.86946e-03,    5.77001e-01 
815,    1.95800e-03,    5.77074e-01 
815,    2.04933e-03,    5.77150e-01 
815,    2.14351e-03,    5.77229e-01 
815,    2.24057e-03,    5.77309e-01 
815,    2.34057e-03,    5.77393e-01 
815,    2.44356e-03,    5.77478e-01 
815,    2.54957e-03,    5.77567e-01 
815,    2.65867e-03,    5.77657e-01 
815,    2.77089e-03,    5.77751e-01 
815,    2.88630e-03,    5.77847e-01 
815,    3.00492e-03,    5.77946e-01 
815,    3.12682e-03,    5.78047e-01 
815,    3.25205e-03,    5.78151e-01 
815,    3.38064e-03,    5.78259e-01 
815,    3.51266e-03,    5.78369e-01 
815,    3.64815e-03,    5.78482e-01 
815,    3.78716e-03,    5.78598e-01 
815,    3.92974e-03,    5.78717e-01 
815,    4.07594e-03,    5.78839e-01 
815,    4.22582e-03,    5.78964e-01 
815,    4.37943e-03,    5.79092e-01 
815,    4.53681e-03,    5.79223e-01 
815,    4.69801e-03,    5.79358e-01 
815,    4.86310e-03,    5.79496e-01 
815,    5.03212e-03,    5.79638e-01 
815,    5.20512e-03,    5.79782e-01 
815,    5.38216e-03,    5.79930e-01 
815,    5.56329e-03,    5.80082e-01 
815,    5.74857e-03,    5.80237e-01 
815,    5.93804e-03,    5.80396e-01 
815,    6.13176e-03,    5.80558e-01 
815,    6.32980e-03,    5.80725e-01 
815,    6.53219e-03,    5.80894e-01 
815,    6.73900e-03,    5.81068e-01 
815,    6.95028e-03,    5.81245e-01 
815,    7.16608e-03,    5.81427e-01 
815,    7.38647e-03,    5.81612e-01 
815,    7.61151e-03,    5.81801e-01 
815,    7.84123e-03,    5.81995e-01 
815,    8.07571e-03,    5.82192e-01 
815,    8.31501e-03,    5.82394e-01 
815,    8.55917e-03,    5.82599e-01 
815,    8.80826e-03,    5.82809e-01 
815,    9.06233e-03,    5.83024e-01 
815,    9.32145e-03,    5.83242e-01 
815,    9.58568e-03,    5.83465e-01 
815,    9.85507e-03,    5.83693e-01 
815,    1.01297e-02,    5.83925e-01 
815,    1.04096e-02,    5.84161e-01 
815,    1.06948e-02,    5.84403e-01 
815,    1.09855e-02,    5.84649e-01 
815,    1.12816e-02,    5.84899e-01 
815,    1.15833e-02,    5.85155e-01 
815,    1.18905e-02,    5.85415e-01 
815,    1.22034e-02,    5.85681e-01 
815,    1.25220e-02,    5.85951e-01 
815,    1.28464e-02,    5.86226e-01 
815,    1.31767e-02,    5.86507e-01 
815,    1.35129e-02,    5.86792e-01 
815,    1.38550e-02,    5.87083e-01 
815,    1.42032e-02,    5.87380e-01 
815,    1.45575e-02,    5.87681e-01 
815,    1.49180e-02,    5.87988e-01 
815,    1.52848e-02,    5.88300e-01 
815,    1.56578e-02,    5.88618e-01 
815,    1.60372e-02,    5.88942e-01 
815,    1.64231e-02,    5.89271e-01 
815,    1.68155e-02,    5.89606e-01 
815,    1.72145e-02,    5.89947e-01 
815,    1.76201e-02,    5.90294e-01 
815,    1.80325e-02,    5.90647e-01 
815,    1.84517e-02,    5.91006e-01 
815,    1.88778e-02,    5.91371e-01 
815,    1.93108e-02,    5.91742e-01 
815,    1.97508e-02,    5.92119e-01 
815,    2.01979e-02,    5.92502e-01 
815,    2.06522e-02,    5.92892e-01 
815,    2.11137e-02,    5.93289e-01 
815,    2.15825e-02,    5.93692e-01 
815,    2.20588e-02,    5.94102e-01 
815,    2.25425e-02,    5.94518e-01 
815,    2.30337e-02,    5.94941e-01 
815,    2.35326e-02,    5.95371e-01 
815,    2.40392e-02,    5.95808e-01 
815,    2.45535e-02,    5.96252e-01 
815,    2.50758e-02,    5.96703e-01 
815,    2.56059e-02,    5.97161e-01 
815,    2.61441e-02,    5.97627e-01 
815,    2.66904e-02,    5.98100e-01 
815,    2.72449e-02,    5.98580e-01 
815,    2.78076e-02,    5.99068e-01 
815,    2.83787e-02,    5.99563e-01 
815,    2.89582e-02,    6.00066e-01 
815,    2.95463e-02,    6.00577e-01 
815,    3.01430e-02,    6.01096e-01 
815,    3.07483e-02,    6.01623e-01 
815,    3.13624e-02,    6.02158e-01 
815,    3.19855e-02,    6.02701e-01 
815,    3.26174e-02,    6.03253e-01 
815,    3.32584e-02,    6.03812e-01 
815,    3.39086e-02,    6.04380e-01 
815,    3.45680e-02,    6.04957e-01 
815,    3.52366e-02,    6.05543e-01 
815,    3.59148e-02,    6.06137e-01 
815,    3.66024e-02,    6.06740e-01 
815,    3.72996e-02,    6.07352e-01 
815,    3.80065e-02,    6.07973e-01 
815,    3.87232e-02,    6.08604e-01 
815,    3.94498e-02,    6.09243e-01 
815,    4.01863e-02,    6.09892e-01 
815,    4.09330e-02,    6.10551e-01 
815,    4.16898e-02,    6.11219e-01 
815,    4.24569e-02,    6.11897e-01 
815,    4.32344e-02,    6.12585e-01 
815,    4.40223e-02,    6.13283e-01 
815,    4.48209e-02,    6.13991e-01 
815,    4.56301e-02,    6.14709e-01 
815,    4.64502e-02,    6.15437e-01 
815,    4.72811e-02,    6.16176e-01 
815,    4.81231e-02,    6.16926e-01 
815,    4.89761e-02,    6.17686e-01 
815,    4.98404e-02,    6.18457e-01 
815,    5.07160e-02,    6.19239e-01 
815,    5.16030e-02,    6.20033e-01 
815,    5.25016e-02,    6.20837e-01 
815,    5.34119e-02,    6.21653e-01 
815,    5.43339e-02,    6.22480e-01 
815,    5.52679e-02,    6.23319e-01 
815,    5.62138e-02,    6.24170e-01 
815,    5.71718e-02,    6.25033e-01 
815,    5.81421e-02,    6.25908e-01 
815,    5.91248e-02,    6.26795e-01 
815,    6.01199e-02,    6.27695e-01 
815,    6.11277e-02,    6.28607e-01 
815,    6.21481e-02,    6.29531e-01 
815,    6.31814e-02,    6.30469e-01 
815,    6.42277e-02,    6.31420e-01 
815,    6.52871e-02,    6.32383e-01 
815,    6.63597e-02,    6.33360e-01 
815,    6.74456e-02,    6.34351e-01 
815,    6.85450e-02,    6.35355e-01 
815,    6.96581e-02,    6.36373e-01 
815,    7.07848e-02,    6.37405e-01 
815,    7.19255e-02,    6.38451e-01 
815,    7.30801e-02,    6.39512e-01 
815,    7.42489e-02,    6.40587e-01 
815,    7.54320e-02,    6.41677e-01 
815,    7.66295e-02,    6.42781e-01 
815,    7.78415e-02,    6.43901e-01 
815,    7.90683e-02,    6.45036e-01 
815,    8.03099e-02,    6.46186e-01 
815,    8.15664e-02,    6.47352e-01 
815,    8.28381e-02,    6.48534e-01 
815,    8.41251e-02,    6.49732e-01 
815,    8.54275e-02,    6.50946e-01 
815,    8.67454e-02,    6.52176e-01 
815,    8.80791e-02,    6.53423e-01 
815,    8.94287e-02,    6.54687e-01 
815,    9.07943e-02,    6.55968e-01 
815,    9.21761e-02,    6.57267e-01 
815,    9.35742e-02,    6.58582e-01 
815,    9.49888e-02,    6.59916e-01 
815,    9.64201e-02,    6.61267e-01 
815,    9.78682e-02,    6.62637e-01 
815,    9.93332e-02,    6.64025e-01 
815,    1.00815e-01,    6.65432e-01 
815,    1.02315e-01,    6.66857e-01 
815,    1.03832e-01,    6.68302e-01 
815,    1.05367e-01,    6.69766e-01 
815,    1.06919e-01,    6.71249e-01 
815,    1.08490e-01,    6.72753e-01 
815,    1.10078e-01,    6.74277e-01 
815,    1.11685e-01,    6.75820e-01 
815,    1.13311e-01,    6.77385e-01 
815,    1.14955e-01,    6.78971e-01 
815,    1.16618e-01,    6.80577e-01 
815,    1.18301e-01,    6.82205e-01 
815,    1.20002e-01,    6.83855e-01 
815,    1.21723e-01,    6.85527e-01 
815,    1.23464e-01,    6.87222e-01 
815,    1.25224e-01,    6.88938e-01 
815,    1.27004e-01,    6.90678e-01 
815,    1.28805e-01,    6.92441e-01 
815,    1.30626e-01,    6.94227e-01 
815,    1.32468e-01,    6.96038e-01 
815,    1.34330e-01,    6.97872e-01 
815,    1.36214e-01,    6.99731e-01 
815,    1.38119e-01,    7.01615e-01 
815,    1.40045e-01,    7.03523e-01 
815,    1.41993e-01,    7.05457e-01 
815,    1.43963e-01,    7.07417e-01 
815,    1.45954e-01,    7.09403e-01 
815,    1.47969e-01,    7.11416e-01 
815,    1.50005e-01,    7.13455e-01 
815,    1.52065e-01,    7.15522e-01 
815,    1.54147e-01,    7.17616e-01 
815,    1.56253e-01,    7.19738e-01 
815,    1.58382e-01,    7.21889e-01 
815,    1.60534e-01,    7.24068e-01 
815,    1.62711e-01,    7.26276e-01 
815,    1.64912e-01,    7.28513e-01 
815,    1.67137e-01,    7.30781e-01 
815,    1.69386e-01,    7.33079e-01 
815,    1.71661e-01,    7.35407e-01 
815,    1.73961e-01,    7.37767e-01 
815,    1.76286e-01,    7.40158e-01 
815,    1.78636e-01,    7.42582e-01 
815,    1.81013e-01,    7.45037e-01 
815,    1.83415e-01,    7.47526e-01 
815,    1.85844e-01,    7.50048e-01 
815,    1.88300e-01,    7.52603e-01 
815,    1.90783e-01,    7.55193e-01 
815,    1.93292e-01,    7.57818e-01 
815,    1.95830e-01,    7.60478e-01 
815,    1.98395e-01,    7.63174e-01 
815,    2.00988e-01,    7.65906e-01 
815,    2.03609e-01,    7.68674e-01 
815,    2.06259e-01,    7.71480e-01 
815,    2.08937e-01,    7.74324e-01 
815,    2.11645e-01,    7.77206e-01 
815,    2.14383e-01,    7.80127e-01 
815,    2.17150e-01,    7.83088e-01 
815,    2.19947e-01,    7.86088e-01 
815,    2.22775e-01,    7.89129e-01 
815,    2.25633e-01,    7.92211e-01 
815,    2.28523e-01,    7.95335e-01 
815,    2.31443e-01,    7.98501e-01 
815,    2.34396e-01,    8.01710e-01 
815,    2.37380e-01,    8.04963e-01 
815,    2.40396e-01,    8.08260e-01 
815,    2.43445e-01,    8.11602e-01 
815,    2.46528e-01,    8.14989e-01 
815,    2.49643e-01,    8.18423e-01 
815,    2.52792e-01,    8.21903e-01 
815,    2.55975e-01,    8.25431e-01 
815,    2.59192e-01,    8.29007e-01 
815,    2.62444e-01,    8.32632e-01 
815,    2.65731e-01,    8.36306e-01 
815,    2.69054e-01,    8.40031e-01 
815,    2.72412e-01,    8.43807e-01 
815,    2.75807e-01,    8.47635e-01 
815,    2.79238e-01,    8.51516e-01 
815,    2.82705e-01,    8.55450e-01 
815,    2.86211e-01,    8.59438e-01 
815,    2.89753e-01,    8.63482e-01 
815,    2.93334e-01,    8.67581e-01 
815,    2.96954e-01,    8.71737e-01 
815,    3.00612e-01,    8.75951e-01 
815,    3.04310e-01,    8.80223e-01 
815,    3.08047e-01,    8.84555e-01 
815,    3.11824e-01,    8.88947e-01 
815,    3.15642e-01,    8.93400e-01 
815,    3.19501e-01,    8.97916e-01 
815,    3.23402e-01,    9.02494e-01 
815,    3.27344e-01,    9.07137e-01 
815,    3.31328e-01,    9.11844e-01 
815,    3.35355e-01,    9.16618e-01 
815,    3.39426e-01,    9.21459e-01 
815,    3.43540e-01,    9.26368e-01 
815,    3.47698e-01,    9.31347e-01 
815,    3.51901e-01,    9.36396e-01 
815,    3.56149e-01,    9.41516e-01 
815,    3.60442e-01,    9.46710e-01 
815,    3.64781e-01,    9.51977e-01 
815,    3.69167e-01,    9.57319e-01 
815,    3.73601e-01,    9.62738e-01 
815,    3.78081e-01,    9.68234e-01 
815,    3.82610e-01,    9.73810e-01 
815,    3.87187e-01,    9.79466e-01 
815,    3.91813e-01,    9.85204e-01 
815,    3.96489e-01,    9.91025e-01 
815,    4.01215e-01,    9.96931e-01 
815,    4.05992e-01,    1.00292e+00 
815,    4.10821e-01,    1.00901e+00 
815,    4.15701e-01,    1.01518e+00 
815,    4.20633e-01,    1.02144e+00 
815,    4.25618e-01,    1.02780e+00 
815,    4.30657e-01,    1.03426e+00 
815,    4.35751e-01,    1.04083e+00 
815,    4.40898e-01,    1.04750e+00 
815,    4.46102e-01,    1.05429e+00 
815,    4.51361e-01,    1.06122e+00 
815,    4.56677e-01,    1.06829e+00 
815,    4.62050e-01,    1.07677e+00 
815,    4.67481e-01,    1.08234e+00 
815,    4.72970e-01,    1.08933e+00 
815,    4.78519e-01,    1.09646e+00 
815,    4.84127e-01,    1.10374e+00 
815,    4.89796e-01,    1.11115e+00 
815,    4.95526e-01,    1.11869e+00 
815,    5.01318e-01,    1.12635e+00 
815,    5.07172e-01,    1.13414e+00 
815,    5.13090e-01,    1.14204e+00 
815,    5.19071e-01,    1.15007e+00 
815,    5.25117e-01,    1.15823e+00 
815,    5.31229e-01,    1.16650e+00 
815,    5.37407e-01,    1.17491e+00 
815,    5.43651e-01,    1.18344e+00 
815,    5.49964e-01,    1.19210e+00 
815,    5.56345e-01,    1.20089e+00 
815,    5.62795e-01,    1.20982e+00 
815,    5.69315e-01,    1.21888e+00 
815,    5.75905e-01,    1.22808e+00 
815,    5.82568e-01,    1.23742e+00 
815,    5.89303e-01,    1.24690e+00 
815,    5.96111e-01,    1.25653e+00 
815,    6.02993e-01,    1.26630e+00 
815,    6.09951e-01,    1.27623e+00 
815,    6.16984e-01,    1.28630e+00 
815,    6.24094e-01,    1.29653e+00 
815,    6.31281e-01,    1.30691e+00 
815,    6.38547e-01,    1.31745e+00 
815,    6.45893e-01,    1.32816e+00 
815,    6.53319e-01,    1.33903e+00 
815,    6.60826e-01,    1.35007e+00 
815,    6.68415e-01,    1.36128e+00 
815,    6.76088e-01,    1.37266e+00 
815,    6.83845e-01,    1.38421e+00 
815,    6.91687e-01,    1.39595e+00 
815,    6.99616e-01,    1.40787e+00 
815,    7.07631e-01,    1.41997e+00 
815,    7.15735e-01,    1.43226e+00 
815,    7.23928e-01,    1.44475e+00 
815,    7.32212e-01,    1.45743e+00 
815,    7.40587e-01,    1.47030e+00 
815,    7.49055e-01,    1.48338e+00 
815,    7.57616e-01,    1.49667e+00 
815,    7.66273e-01,    1.51016e+00 
815,    7.75025e-01,    1.52387e+00 
815,    7.83874e-01,    1.53779e+00 
815,    7.92822e-01,    1.55193e+00 
815,    8.01869e-01,    1.56630e+00 
815,    8.11016e-01,    1.58089e+00 
815,    8.20266e-01,    1.59572e+00 
815,    8.29619e-01,    1.61078e+00 
815,    8.39076e-01,    1.62608e+00 
815,    8.48639e-01,    1.64162e+00 
815,    8.58309e-01,    1.65741e+00 
815,    8.68087e-01,    1.67344e+00 
815,    8.77974e-01,    1.68972e+00 
815,    8.87973e-01,    1.70625e+00 
815,    8.98084e-01,    1.72262e+00 
815,    9.08309e-01,    1.74024e+00 
815,    9.18649e-01,    1.75772e+00 
815,    9.29106e-01,    1.77547e+00 
815,    9.39680e-01,    1.79349e+00 
815,    9.50374e-01,    1.81180e+00 
815,    9.61189e-01,    1.83040e+00 
815,    9.72127e-01,    1.84931e+00 
815,    9.83189e-01,    1.86852e+00 
815,    9.94376e-01,    1.88805e+00 
815,    1.00569e+00,    1.90790e+00 
815,    1.01713e+00,    1.92808e+00 
815,    1.02871e+00,    1.94859e+00 
815,    1.04041e+00,    1.96944e+00 
815,    1.05225e+00,    1.99064e+00 
815,    1.06423e+00,    2.01219e+00 
815,    1.07634e+00,    2.03411e+00 
815,    1.08859e+00,    2.05639e+00 
815,    1.10099e+00,    2.07904e+00 
815,    1.11352e+00,    2.10208e+00 
815,    1.12620e+00,    2.12550e+00 
815,    1.13903e+00,    2.14933e+00 
815,    1.15200e+00,    2.17355e+00 
815,    1.16512e+00,    2.19819e+00 
815,    1.17840e+00,    2.22325e+00 
815,    1.19183e+00,    2.24873e+00 
815,    1.20542e+00,    2.27466e+00 
815,    1.21916e+00,    2.30102e+00 
815,    1.23306e+00,    2.32785e+00 
815,    1.24713e+00,    2.35513e+00 
815,    1.26136e+00,    2.38289e+00 
815,    1.27576e+00,    2.41113e+00 
815,    1.29033e+00,    2.43986e+00 
815,    1.30506e+00,    2.46908e+00 
815,    1.31998e+00,    2.49882e+00 
815,    1.33506e+00,    2.52908e+00 
815,    1.35033e+00,    2.55988e+00 
815,    1.36577e+00,    2.59121e+00 
815,    1.38140e+00,    2.62310e+00 
815,    1.39721e+00,    2.65555e+00 
815,    1.41321e+00,    2.68857e+00 
815,    1.42941e+00,    2.72218e+00 
815,    1.44579e+00,    2.75639e+00 
815,    1.46237e+00,    2.79122e+00 
815,    1.47915e+00,    2.82666e+00 
815,    1.49613e+00,    2.86274e+00 
815,    1.51331e+00,    2.89948e+00 
815,    1.53070e+00,    2.93687e+00 
815,    1.54830e+00,    2.97494e+00 
815,    1.56611e+00,    3.01370e+00 
815,    1.58414e+00,    3.05317e+00 
815,    1.60238e+00,    3.09336e+00 
815,    1.62085e+00,    3.13428e+00 
815,    1.63953e+00,    3.17595e+00 
815,    1.65845e+00,    3.21839e+00 
815,    1.67760e+00,    3.26161e+00 
815,    1.69698e+00,    3.30563e+00 
815,    1.71660e+00,    3.35047e+00 
815,    1.73646e+00,    3.39614e+00 
815,    1.75656e+00,    3.44266e+00 
815,    1.77691e+00,    3.49005e+00 
815,    1.79751e+00,    3.53832e+00 
815,    1.81837e+00,    3.58751e+00 
815,    1.83948e+00,    3.63762e+00 
815,    1.86085e+00,    3.68868e+00 
815,    1.88249e+00,    3.74070e+00 
815,    1.90440e+00,    3.79371e+00 
815,    1.92659e+00,    3.84774e+00 
815,    1.94905e+00,    3.90279e+00 
815,    1.97179e+00,    3.95890e+00 
815,    1.99481e+00,    4.01609e+00 
815,    2.01813e+00,    4.07439e+00 
815,    2.04174e+00,    4.13380e+00 
815,    2.06565e+00,    4.19437e+00 
815,    2.08986e+00,    4.25612e+00 
815,    2.11437e+00,    4.31907e+00 
815,    2.13920e+00,    4.38325e+00 
815,    2.16435e+00,    4.44869e+00 
815,    2.18981e+00,    4.51542e+00 
815,    2.21560e+00,    4.58346e+00 
815,    2.24172e+00,    4.65285e+00 
815,    2.26818e+00,    4.72361e+00 
815,    2.29497e+00,    4.79579e+00 
815,    2.32212e+00,    4.86940e+00 
815,    2.34961e+00,    4.94449e+00 
815,    2.37746e+00,    5.02108e+00 
815,    2.40566e+00,    5.09922e+00 
815,    2.43424e+00,    5.17893e+00 
815,    2.46319e+00,    5.26026e+00 
815,    2.49252e+00,    5.34324e+00 
815,    2.52223e+00,    5.42792e+00 
815,    2.55233e+00,    5.51432e+00 
815,    2.58283e+00,    5.60250e+00 
815,    2.61372e+00,    5.69249e+00 
815,    2.64503e+00,    5.78433e+00 
815,    2.67675e+00,    5.87808e+00 
815,    2.70890e+00,    5.97377e+00 
815,    2.74147e+00,    6.07146e+00 
815,    2.77447e+00,    6.17118e+00 
815,    2.80792e+00,    6.27299e+00 
815,    2.84181e+00,    6.37695e+00 
815,    2.87617e+00,    6.48309e+00 
815,    2.91098e+00,    6.59148e+00 
815,    2.94626e+00,    6.70217e+00 
815,    2.98202e+00,    6.81522e+00 
815,    3.01827e+00,    6.93068e+00 
815,    3.05501e+00,    7.04861e+00 
815,    3.09225e+00,    7.16907e+00 
815,    3.13000e+00,    7.29214e+00 
815,    3.16826e+00,    7.41786e+00 
815,    3.20705e+00,    7.54631e+00 
815,    3.24638e+00,    7.67755e+00 
815,    3.28625e+00,    7.81166e+00 
815,    3.32667e+00,    7.94871e+00 
815,    3.36765e+00,    8.08877e+00 
815,    3.40921e+00,    8.23192e+00 
815,    3.45134e+00,    8.37823e+00 
815,    3.49406e+00,    8.52779e+00 
815,    3.53738e+00,    8.68067e+00 
815,    3.58132e+00,    8.83698e+00 
815,    3.62587e+00,    8.99678e+00 
815,    3.67105e+00,    9.16018e+00 
815,    3.71687e+00,    9.32726e+00 
815,    3.76334e+00,    9.49813e+00 
815,    3.81048e+00,    9.67288e+00 
815,    3.85829e+00,    9.85160e+00 
815,    3.90678e+00,    1.00344e+01 
815,    3.95598e+00,    1.02214e+01 
815,    4.00588e+00,    1.04127e+01 
815,    4.05650e+00,    1.06085e+01 
815,    4.10786e+00,    1.08087e+01 
815,    4.15996e+00,    1.10136e+01 
815,    4.21282e+00,    1.12233e+01 
815,    4.26646e+00,    1.14380e+01 
815,    4.32088e+00,    1.16576e+01 
815,    4.37611e+00,    1.18824e+01 
815,    4.43214e+00,    1.21126e+01 
815,    4.48901e+00,    1.23482e+01 
815,    4.54672e+00,    1.25894e+01 
815,    4.60529e+00,    1.28364e+01 
815,    4.66474e+00,    1.30893e+01 
815,    4.72507e+00,    1.33483e+01 
815,    4.78631e+00,    1.36136e+01 
815,    4.84847e+00,    1.38853e+01 
815,    4.91157e+00,    1.41636e+01 
815,    4.97563e+00,    1.44486e+01 
815,    5.04066e+00,    1.47407e+01 
815,    5.10669e+00,    1.50400e+01 
815,    5.17372e+00,    1.53466e+01 
815,    5.24178e+00,    1.56609e+01 
815,    5.31089e+00,    1.59829e+01 
815,    5.38107e+00,    1.63130e+01 
815,    5.45233e+00,    1.66513e+01 
815,    5.52470e+00,    1.69982e+01 
815,    5.59820e+00,    1.73538e+01 
815,    5.67285e+00,    1.77184e+01 
815,    5.74866e+00,    1.80922e+01 
815,    5.82568e+00,    1.84756e+01 
815,    5.90391e+00,    1.88688e+01 
815,    5.98337e+00,    1.92721e+01 
815,    6.06410e+00,    1.96858e+01 
815,    6.14612e+00,    2.01102e+01 
815,    6.22945e+00,    2.05457e+01 
815,    6.31412e+00,    2.09925e+01 
815,    6.40016e+00,    2.14510e+01 
815,    6.48758e+00,    2.19215e+01 
815,    6.57642e+00,    2.24044e+01 
815,    6.66671e+00,    2.29002e+01 
815,    6.75847e+00,    2.34091e+01 
815,    6.85174e+00,    2.39316e+01 
815,    6.94654e+00,    2.44681e+01 
815,    7.04291e+00,    2.50190e+01 
815,    7.14087e+00,    2.55848e+01 
815,    7.24046e+00,    2.61659e+01 
815,    7.34171e+00,    2.67629e+01 
815,    7.44465e+00,    2.73761e+01 
815,    7.54933e+00,    2.80062e+01 
815,    7.65576e+00,    2.86536e+01 
815,    7.76401e+00,    2.93189e+01 
815,    7.87408e+00,    3.00027e+01 
815,    7.98604e+00,    3.07055e+01 
815,    8.09991e+00,    3.14280e+01 
815,    8.21573e+00,    3.21708e+01 
815,    8.33356e+00,    3.29346e+01 
815,    8.45342e+00,    3.37199e+01 
815,    8.57536e+00,    3.45276e+01 
815,    8.69943e+00,    3.53584e+01 
815,    8.82567e+00,    3.62130e+01 
815,    8.95412e+00,    3.70922e+01 
815,    9.08484e+00,    3.79968e+01 
815,    9.21788e+00,    3.89277e+01 
815,    9.35328e+00,    3.98857e+01 
815,    9.49109e+00,    4.08718e+01 
815,    9.63138e+00,    4.18868e+01 
815,    9.77418e+00,    4.29319e+01 
815,    9.91957e+00,    4.40079e+01 
815,    1.00676e+01,    4.51159e+01 
815,    1.02183e+01,    4.62571e+01 
815,    1.03718e+01,    4.74326e+01 
815,    1.05280e+01,    4.86436e+01 
815,    1.06872e+01,    4.98912e+01 
815,    1.08493e+01,    5.11768e+01 
815,    1.10144e+01,    5.25017e+01 
815,    1.11826e+01,    5.38673e+01 
815,    1.13540e+01,    5.52749e+01 
815,    1.15285e+01,    5.67262e+01 
815,    1.17064e+01,    5.82227e+01 
815,    1.18876e+01,    5.97659e+01 
815,    1.20723e+01,    6.13575e+01 
815,    1.22605e+01,    6.29994e+01 
815,    1.24524e+01,    6.46932e+01 
815,    1.26479e+01,    6.64410e+01 
815,    1.28472e+01,    6.82447e+01 
815,    1.30504e+01,    7.01062e+01 
815,    1.32576e+01,    7.20279e+01 
815,    1.34689e+01,    7.40118e+01 
815,    1.36843e+01,    7.60604e+01 
815,    1.39040e+01,    7.81760e+01 
815,    1.41280e+01,    8.03612e+01 
815,    1.43565e+01,    8.26186e+01 
815,    1.45897e+01,    8.49508e+01 
815,    1.48275e+01,    8.73609e+01 
815,    1.50701e+01,    8.98518e+01 
815,    1.53177e+01,    9.24265e+01 
815,    1.55704e+01,    9.50883e+01 
815,    1.58282e+01,    9.78407e+01 
815,    1.60914e+01,    1.00687e+02 
815,    1.63600e+01,    1.03631e+02 
815,    1.66343e+01,    1.06677e+02 
815,    1.69142e+01,    1.09829e+02 
815,    1.72001e+01,    1.13090e+02 
815,    1.74920e+01,    1.16465e+02 
815,    1.77902e+01,    1.19960e+02 
815,    1.80946e+01,    1.23578e+02 
815,    1.84057e+01,    1.27325e+02 
815,    1.87234e+01,    1.31205e+02 
815,    1.90480e+01,    1.35226e+02 
815,    1.93797e+01,    1.39391e+02 
815,    1.97187e+01,    1.43708e+02 
815,    2.00651e+01,    1.48182e+02 
815,    2.04192e+01,    1.52821e+02 
815,    2.07812e+01,    1.57631e+02 
815,    2.11512e+01,    1.62619e+02 
815,    2.15296e+01,    1.67793e+02 
815,    2.19165e+01,    1.73161e+02 
815,    2.23122e+01,    1.78732e+02 
815,    2.27170e+01,    1.84513e+02 
815,    2.31310e+01,    1.90515e+02 
815,    2.35546e+01,    1.96748e+02 
815,    2.39880e+01,    2.03220e+02 
815,    2.44316e+01,    2.09943e+02 
815,    2.48855e+01,    2.16928e+02 
815,    2.53501e+01,    2.24187e+02 
815,    2.58258e+01,    2.31732e+02 
815,    2.63128e+01,    2.39577e+02 
815,    2.68115e+01,    2.47733e+02 
815,    2.73222e+01,    2.56218e+02 
815,    2.78453e+01,    2.65044e+02 
815,    2.83812e+01,    2.74228e+02 
815,    2.89302e+01,    2.83788e+02 
815,    2.94928e+01,    2.93739e+02 
815,    3.00694e+01,    3.04102e+02 
815,    3.06603e+01,    3.14895e+02 
815,    3.12661e+01,    3.26140e+02 
815,    3.18872e+01,    3.37857e+02 
815,    3.25241e+01,    3.50071e+02 
815,    3.31773e+01,    3.62804e+02 
815,    3.38473e+01,    3.76083e+02 
815,    3.45346e+01,    3.89934e+02 
815,    3.52399e+01,    4.04386e+02 
815,    3.59636e+01,    4.19469e+02 
815,    3.67065e+01,    4.35214e+02 
815,    3.74690e+01,    4.51656e+02 
815,    3.82520e+01,    4.68830e+02 
815,    3.90560e+01,    4.86772e+02 
815,    3.98817e+01,    5.05524e+02 
815,    4.07300e+01,    5.25127e+02 
815,    4.16015e+01,    5.45625e+02 
815,    4.24970e+01,    5.67066e+02 
815,    4.34175e+01,    5.89499e+02 
815,    4.43636e+01,    6.12979e+02 
815,    4.53365e+01,    6.37560e+02 
815,    4.63369e+01,    6.63303e+02 
815,    4.73658e+01,    6.90270e+02 
815,    4.84243e+01,    7.18530e+02 
815,    4.95135e+01,    7.48154e+02 
815,    5.06344e+01,    7.79217e+02 
815,    5.17882e+01,    8.11801e+02 
815,    5.29761e+01,    8.45991e+02 
815,    5.41994e+01,    8.81878e+02 
815,    5.54593e+01,    9.19560e+02 
815,    5.67573e+01,    9.59141e+02 
815,    5.80948e+01,    1.00073e+03 
815,    5.94637e+01,    1.04414e+03 
815,    6.08650e+01,    1.08946e+03 
815,    6.22993e+01,    1.13677e+03 
815,    6.37673e+01,    1.18615e+03 
815,    6.52700e+01,    1.23769e+03 
815,    6.68081e+01,    1.29150e+03 
815,    6.83824e+01,    1.34767e+03 
815,    6.99938e+01,    1.40631e+03 
815,    7.16432e+01,    1.46753e+03 
815,    7.33315e+01,    1.53143e+03 
815,    7.50595e+01,    1.59814e+03 
815,    7.68283e+01,    1.66778e+03 
815,    7.86387e+01,    1.74048e+03 
815,    8.04919e+01,    1.81638e+03 
815,    8.23886e+01,    1.89561e+03 
815,    8.43301e+01,    1.97833e+03 
815,    8.63173e+01,    2.06469e+03 
815,    8.83514e+01,    2.15484e+03 
815,    9.04334e+01,    2.24896e+03 
815,    9.25644e+01,    2.34722e+03 
815,    9.47457e+01,    2.44981e+03 
815,    9.69784e+01,    2.55691e+03 
815,    9.92636e+01,    2.66873e+03 
815,    1.01603e+02,    2.78547e+03 
815,    1.03997e+02,    2.90735e+03 
815,    1.06448e+02,    3.03459e+03 
815,    1.08956e+02,    3.16745e+03 
815,    1.11524e+02,    3.30615e+03 
815,    1.14152e+02,    3.45096e+03 
815,    1.16842e+02,    3.60216e+03 
815,    1.19595e+02,    3.76002e+03 
815,    1.22413e+02,    3.92483e+03 
815,    1.25298e+02,    4.09691e+03 
815,    1.28251e+02,    4.27658e+03 
815,    1.31273e+02,    4.46417e+03 
815,    1.34366e+02,    4.66003e+03 
815,    1.37532e+02,    4.86452e+03 
815,    1.40773e+02,    5.07804e+03 
815,    1.44091e+02,    5.30097e+03 
815,    1.47486e+02,    5.53373e+03 
815,    1.50962e+02,    5.77677e+03 
815,    1.54519e+02,    6.03052e+03 
815,    1.58160e+02,    6.29548e+03 
815,    1.61887e+02,    6.57212e+03 
815,    1.65702e+02,    6.86098e+03 
815,    1.69607e+02,    7.16258e+03 
815,    1.73604e+02,    7.47750e+03 
815,    1.77695e+02,    7.80631e+03 
815,    1.81882e+02,    8.14965e+03 
815,    1.86168e+02,    8.50814e+03 
815,    1.90555e+02,    8.88246e+03 
815,    1.95045e+02,    9.27331e+03 
815,    1.99642e+02,    9.68142e+03 
815,    2.04346e+02,    1.01076e+04 
815,    2.09162e+02,    1.05525e+04 
815,    2.14090e+02,    1.10171e+04 
815,    2.19135e+02,    1.15023e+04 
815,    2.24299e+02,    1.20088e+04 
815,    2.29585e+02,    1.25378e+04 
815,    2.34995e+02,    1.30901e+04 
815,    2.40533e+02,    1.36668e+04 
815,    2.46201e+02,    1.42690e+04 
815,    2.52002e+02,    1.48978e+04 
815,    2.57941e+02,    1.55544e+04 
815,    2.64019e+02,    1.62400e+04 
815,    2.70241e+02,    1.69560e+04 
815,    2.76609e+02,    1.77035e+04 
815,    2.83127e+02,    1.84842e+04 
815,    2.89799e+02,    1.92993e+04 
815,    2.96628e+02,    2.01504e+04 
815,    3.03618e+02,    2.10392e+04 
815,    3.10773e+02,    2.19673e+04 
815,    3.18096e+02,    2.29364e+04 
815,    3.25592e+02,    2.39484e+04 
815,    3.33264e+02,    2.50051e+04 
815,    3.41118e+02,    2.61086e+04 
815,    3.49156e+02,    2.72608e+04 
815,    3.57384e+02,    2.84640e+04 
815,    3.65806e+02,    2.97204e+04 
815,    3.74426e+02,    3.10324e+04 
815,    3.83249e+02,    3.24024e+04 
815,    3.92280e+02,    3.38330e+04 
815,    4.01524e+02,    3.53269e+04 
815,    4.10986e+02,    3.68868e+04 
815,    4.20671e+02,    3.85158e+04 
815,    4.30584e+02,    4.02169e+04 
815,    4.40731e+02,    4.19931e+04 
815,    4.51117e+02,    4.38480e+04 
815,    4.61747e+02,    4.57850e+04 
815,    4.72628e+02,    4.78076e+04 
815,    4.83765e+02,    4.99197e+04 
815,    4.95165e+02,    5.21253e+04 
815,    5.06834e+02,    5.44285e+04 
815,    5.18777e+02,    5.68336e+04 
815,    5.31002e+02,    5.93451e+04 
815,    5.43515e+02,    6.19677e+04 
815,    5.56323e+02,    6.47065e+04 
815,    5.69433e+02,    6.75664e+04 
815,    5.82851e+02,    7.05529e+04 
815,    5.96586e+02,    7.36715e+04 
815,    6.10645e+02,    7.69282e+04 
815,    6.25034e+02,    8.03290e+04 
815,    6.39763e+02,    8.38804e+04 
815,    6.54839e+02,    8.75889e+04 
815,    6.70270e+02,    9.14616e+04 
815,    6.86065e+02,    9.55057e+04 
815,    7.02232e+02,    9.97287e+04 
815,    7.18780e+02,    1.04139e+05 
815,    7.35718e+02,    1.08744e+05 
815,    7.53055e+02,    1.13553e+05 
815,    7.70801e+02,    1.18575e+05 
815,    7.88964e+02,    1.23819e+05 
815,    8.07556e+02,    1.29296e+05 
815,    8.26586e+02,    1.35015e+05 
815,    8.46065e+02,    1.40987e+05 
